,Game,Mean Episodic Return,Num Runs
0,PongNoFrameskip-v4,11.954597654165436 (1.4413204349802844),69
1,ALE/Pong-v5,-2.953361532251163 (0.5884584584998865),42
