,Game,Mean Episodic Return,Num Runs
0,PitfallNoFrameskip-v4,-110.96857730033084 (22.761184891605577),36
1,PongNoFrameskip-v4,-20.97055458700741 (0.00985781536811042),30
2,SeaquestNoFrameskip-v4,54.395915724979616 (2.0203296514655387),28
3,BreakoutNoFrameskip-v4,1.3180676535404527 (0.043847265262777976),47
4,SpaceInvadersNoFrameskip-v4,703.9473802056257 (8.905060992136441),45
5,EnduroNoFrameskip-v4,479.4832643051393 (48.80665535772991),48
