,charts/episodic_return,global_step
9,23.4121036529541,177995.0
13,0.0,243541.0
22,192.8212432861328,417693.0
48,41.092315673828125,796968.0
191,24.257474899291992,3326469.0
368,179.5889129638672,7330504.0
468,0.0,9338598.0
471,798.059814453125,9448440.0
