,charts/episodic_return,global_step
9,81.82479858398438,164650.0
175,156.69960021972656,3716732.0
179,423.3741149902344,3836291.0
256,179.4076690673828,5355384.0
