,charts/episodic_return,global_step
16,38.04595184326172,332559.0
61,250.0,1433661.0
180,29.016345977783203,3742591.0
272,75.0,5888936.0
443,762.517333984375,9035608.0
445,113.57788848876953,9075455.0
